type,pos,pred_change
SNV,268,-0.0038604736328125
deletion,"(303, 304)",-0.0015265941619873047
